timestamp,lat,long,alt,hangle,gspeed,icao24,origin,destination,Airliner,vertrate,Aircraft_model,flight_number
1525837746,49.268,135.9231,34000,226,514,C0175A,YVR,HKG,ACA007,0,B77W,AC7
1525837811,49.163,135.7577,34000,225,515,C0175A,YVR,HKG,ACA007,0,B77W,AC7
1525837874,49.0569,135.5915,34000,225,515,C0175A,YVR,HKG,ACA007,0,B77W,AC7
1525837931,48.974,135.4309,34000,246,522,C0175A,YVR,HKG,ACA007,0,B77W,AC7
1525837998,48.9523,135.1878,34000,266,523,C0175A,YVR,HKG,ACA007,0,B77W,AC7
1525838060,48.9427,134.9551,34000,266,522,C0175A,YVR,HKG,ACA007,0,B77W,AC7
1525838122,48.9328,134.7332,34000,265,521,C0175A,YVR,HKG,ACA007,0,B77W,AC7
1525838180,48.9227,134.5229,34000,265,522,C0175A,YVR,HKG,ACA007,64,B77W,AC7
1525838250,48.9099,134.2676,34000,265,522,C0175A,YVR,HKG,ACA007,0,B77W,AC7
1525838308,48.8987,134.0502,34000,265,522,C0175A,YVR,HKG,ACA007,0,B77W,AC7
1525838368,48.8873,133.8372,34000,265,522,C0175A,YVR,HKG,ACA007,0,B77W,AC7
1525838428,48.8751,133.6167,34000,265,520,C0175A,YVR,HKG,ACA007,0,B77W,AC7
1525838491,48.8621,133.3891,34000,264,519,C0175A,YVR,HKG,ACA007,0,B77W,AC7
1525838558,48.7973,133.2085,34000,217,519,C0175A,YVR,HKG,ACA007,0,B77W,AC7
1525838618,48.6995,133.0968,34000,217,519,C0175A,YVR,HKG,ACA007,0,B77W,AC7
1525838682,48.7468,132.7421,34100,233,517,C0175A,YVR,HKG,ACA007,64,B77W,AC7
1525838738,48.6654,132.5798,34100,232,518,C0175A,YVR,HKG,ACA007,0,B77W,AC7
1525838784,48.5972,132.4444,34100,232,521,C0175A,YVR,HKG,ACA007,128,B77W,AC7
1525838858,48.4745,132.3099,34100,216,521,C0175A,YVR,HKG,ACA007,0,B77W,AC7
1525838932,48.3836,132.0233,34100,232,520,C0175A,YVR,HKG,ACA007,0,B77W,AC7
1525838993,48.2927,131.8464,34100,232,519,C0175A,YVR,HKG,ACA007,0,B77W,AC7
1525839055,48.2027,131.6723,34100,232,520,C0175A,YVR,HKG,ACA007,0,B77W,AC7
1525839117,48.0958,131.516,34100,213,520,C0175A,YVR,HKG,ACA007,64,B77W,AC7
1525839176,47.9739,131.4044,34100,211,519,C0175A,YVR,HKG,ACA007,0,B77W,AC7
1525839240,47.8461,131.2888,34100,211,518,C0175A,YVR,HKG,ACA007,0,B77W,AC7
1525839301,47.7166,131.172,34100,211,518,C0175A,YVR,HKG,ACA007,0,B77W,AC7
1525839364,47.5889,131.0644,34100,208,518,C0175A,YVR,HKG,ACA007,0,B77W,AC7
1525839426,47.4575,130.9591,34100,208,520,C0175A,YVR,HKG,ACA007,0,B77W,AC7
1525839493,47.3154,130.844,34100,208,520,C0175A,YVR,HKG,ACA007,0,B77W,AC7
1525839551,47.1909,130.7436,34100,208,519,C0175A,YVR,HKG,ACA007,0,B77W,AC7
1525839615,47.0563,130.6356,34100,208,519,C0175A,YVR,HKG,ACA007,0,B77W,AC7
1525839668,46.9488,130.5499,34100,208,520,C0175A,YVR,HKG,ACA007,0,B77W,AC7
1525839742,46.8248,130.4229,34100,215,520,C0175A,YVR,HKG,ACA007,0,B77W,AC7
1525839802,46.7243,130.3202,34100,215,520,C0175A,YVR,HKG,ACA007,0,B77W,AC7
1525839862,46.6238,130.2176,34100,215,520,C0175A,YVR,HKG,ACA007,0,B77W,AC7
1525839921,46.6626,129.8094,34100,247,512,C0175A,YVR,HKG,ACA007,64,B77W,AC7
1525839984,46.6066,129.6089,34100,247,518,C0175A,YVR,HKG,ACA007,64,B77W,AC7
1525840044,46.5517,129.4139,34100,247,516,C0175A,YVR,HKG,ACA007,64,B77W,AC7
1525840115,46.4888,129.1921,34100,247,513,C0175A,YVR,HKG,ACA007,0,B77W,AC7
1525840167,46.441,129.0249,34100,247,511,C0175A,YVR,HKG,ACA007,0,B77W,AC7
1525840232,46.3816,128.8178,34100,247,512,C0175A,YVR,HKG,ACA007,64,B77W,AC7
1525840296,46.3238,128.6185,34100,247,512,C0175A,YVR,HKG,ACA007,0,B77W,AC7
1525840359,46.266,128.4211,34100,247,518,C0175A,YVR,HKG,ACA007,64,B77W,AC7
1525840418,46.2098,128.2309,34100,246,515,C0175A,YVR,HKG,ACA007,0,B77W,AC7
1525840482,46.1509,128.0327,34100,246,514,C0175A,YVR,HKG,ACA007,0,B77W,AC7
1525840539,46.0966,127.8512,34100,246,512,C0175A,YVR,HKG,ACA007,0,B77W,AC7
1525840600,46.0386,127.6588,34100,246,511,C0175A,YVR,HKG,ACA007,64,B77W,AC7
1525840665,45.9773,127.457,34100,246,513,C0175A,YVR,HKG,ACA007,0,B77W,AC7
1525840735,45.9161,127.2482,34100,247,511,C0175A,YVR,HKG,ACA007,64,B77W,AC7
1525840788,45.8674,127.077,34100,247,512,C0175A,YVR,HKG,ACA007,64,B77W,AC7
1525840848,45.8124,126.8875,34100,247,512,C0175A,YVR,HKG,ACA007,64,B77W,AC7
1525840915,45.7506,126.6773,34100,247,509,C0175A,YVR,HKG,ACA007,64,B77W,AC7
1525840977,45.6946,126.4879,34100,247,505,C0175A,YVR,HKG,ACA007,0,B77W,AC7
1525841043,45.6327,126.2854,34100,243,507,C0175A,YVR,HKG,ACA007,0,B77W,AC7
1525841085,45.5811,126.165,34100,235,517,C0175A,YVR,HKG,ACA007,64,B77W,AC7
1525841166,45.4582,125.9868,34100,208,516,C0175A,YVR,HKG,ACA007,0,B77W,AC7
1525841234,45.372,125.7802,34100,215,518,C0175A,YVR,HKG,ACA007,0,B77W,AC7
1525841294,45.2631,125.7013,34100,207,518,C0175A,YVR,HKG,ACA007,0,B77W,AC7
1525841353,45.214,125.4126,34100,235,527,C0175A,YVR,HKG,ACA007,0,B77W,AC7
1525841412,45.134,125.2515,34100,234,526,C0175A,YVR,HKG,ACA007,64,B77W,AC7
1525841478,45.0426,125.0671,34100,235,525,C0175A,YVR,HKG,ACA007,64,B77W,AC7
1525841539,44.9561,124.8923,34100,234,526,C0175A,YVR,HKG,ACA007,64,B77W,AC7
1525841587,44.8885,124.757,34125,234,523,C0175A,YVR,HKG,ACA007,64,B77W,AC7
1525841658,44.7877,124.5596,34100,234,519,C0175A,YVR,HKG,ACA007,0,B77W,AC7
1525841716,44.7075,124.4029,34100,234,520,C0175A,YVR,HKG,ACA007,0,B77W,AC7
1525841778,44.6058,124.2776,34100,205,520,C0175A,YVR,HKG,ACA007,0,B77W,AC7
1525841838,44.5276,124.1009,34100,214,519,C0175A,YVR,HKG,ACA007,0,B77W,AC7
1525841903,44.4424,123.891,34100,233,517,C0175A,YVR,HKG,ACA007,64,B77W,AC7
1525841960,44.3671,123.745,34100,234,517,C0175A,YVR,HKG,ACA007,0,B77W,AC7
1525842032,44.2634,123.545,34100,234,515,C0175A,YVR,HKG,ACA007,0,B77W,AC7
1525842094,44.177,123.3796,34100,233,513,C0175A,YVR,HKG,ACA007,64,B77W,AC7
1525842155,44.094,123.2221,34100,233,513,C0175A,YVR,HKG,ACA007,64,B77W,AC7
1525842217,44.0041,123.0521,34100,233,512,C0175A,YVR,HKG,ACA007,0,B77W,AC7
1525842278,43.9195,122.8928,34100,234,507,C0175A,YVR,HKG,ACA007,64,B77W,AC7
1525842341,43.8347,122.7262,34100,234,503,C0175A,YVR,HKG,ACA007,64,B77W,AC7
1525842404,43.7509,122.563,34100,234,502,C0175A,YVR,HKG,ACA007,64,B77W,AC7
1525842466,43.6537,122.448,34100,202,502,C0175A,YVR,HKG,ACA007,0,B77W,AC7
1525842526,43.5439,122.3868,34100,202,502,C0175A,YVR,HKG,ACA007,0,B77W,AC7
1525842593,43.4908,122.0737,34100,231,501,C0175A,YVR,HKG,ACA007,0,B77W,AC7
1525842655,43.4031,121.9222,34100,231,501,C0175A,YVR,HKG,ACA007,0,B77W,AC7
1525842717,43.3122,121.7643,34100,231,502,C0175A,YVR,HKG,ACA007,64,B77W,AC7
1525842778,43.2254,121.6137,34100,231,501,C0175A,YVR,HKG,ACA007,0,B77W,AC7
1525842838,43.139,121.4645,34100,231,499,C0175A,YVR,HKG,ACA007,0,B77W,AC7
1525842902,43.0483,121.3091,34100,231,497,C0175A,YVR,HKG,ACA007,0,B77W,AC7
1525842963,42.9611,121.1605,34100,231,496,C0175A,YVR,HKG,ACA007,64,B77W,AC7
1525843022,42.8754,121.0139,34100,232,493,C0175A,YVR,HKG,ACA007,64,B77W,AC7
1525843085,42.7867,120.858,34100,232,493,C0175A,YVR,HKG,ACA007,0,B77W,AC7
1525843146,42.7017,120.7103,34100,231,494,C0175A,YVR,HKG,ACA007,0,B77W,AC7
1525843213,42.6079,120.5484,34100,231,491,C0175A,YVR,HKG,ACA007,64,B77W,AC7
1525843270,42.527,120.4094,34100,231,490,C0175A,YVR,HKG,ACA007,0,B77W,AC7
1525843334,42.4384,120.2578,34100,231,487,C0175A,YVR,HKG,ACA007,0,B77W,AC7
1525843397,42.3492,120.106,32950,231,491,C0175A,YVR,HKG,ACA007,-1280,B77W,AC7
1525843458,42.2519,120.0061,32450,197,492,C0175A,YVR,HKG,ACA007,0,B77W,AC7
1525843517,42.1779,119.8167,32100,231,492,C0175A,YVR,HKG,ACA007,64,B77W,AC7
1525843582,42.0879,119.6657,32100,231,490,C0175A,YVR,HKG,ACA007,0,B77W,AC7
1525843644,41.9982,119.5162,32100,231,487,C0175A,YVR,HKG,ACA007,0,B77W,AC7
1525843713,41.9011,119.3535,32100,232,483,C0175A,YVR,HKG,ACA007,64,B77W,AC7
1525843773,41.8186,119.212,32100,231,483,C0175A,YVR,HKG,ACA007,64,B77W,AC7
1525843828,41.7434,119.0842,32100,231,483,C0175A,YVR,HKG,ACA007,0,B77W,AC7
1525843898,41.6466,118.921,32100,231,483,C0175A,YVR,HKG,ACA007,0,B77W,AC7
1525843958,41.5628,118.7806,32100,231,482,C0175A,YVR,HKG,ACA007,0,B77W,AC7
1525844015,41.4836,118.648,32100,231,481,C0175A,YVR,HKG,ACA007,0,B77W,AC7
1525844075,41.3997,118.5089,32100,230,483,C0175A,YVR,HKG,ACA007,0,B77W,AC7
1525844139,41.3086,118.3644,32100,230,485,C0175A,YVR,HKG,ACA007,64,B77W,AC7
1525844203,41.217,118.2186,32100,231,484,C0175A,YVR,HKG,ACA007,0,B77W,AC7
1525844263,41.1427,118.0731,32100,238,476,C0175A,YVR,HKG,ACA007,0,B77W,AC7
1525844327,41.0704,117.9141,32100,239,474,C0175A,YVR,HKG,ACA007,64,B77W,AC7
1525844387,41.003,117.7648,32100,239,474,C0175A,YVR,HKG,ACA007,0,B77W,AC7
1525844447,40.9346,117.6138,32100,238,473,C0175A,YVR,HKG,ACA007,0,B77W,AC7
1525844492,40.8839,117.5025,32100,238,474,C0175A,YVR,HKG,ACA007,0,B77W,AC7
1525844558,40.8105,117.3421,32100,238,473,C0175A,YVR,HKG,ACA007,0,B77W,AC7
1525844626,40.7322,117.1721,32100,238,471,C0175A,YVR,HKG,ACA007,0,B77W,AC7
1525844690,40.6608,117.0177,32100,238,472,C0175A,YVR,HKG,ACA007,0,B77W,AC7
1525844747,40.5953,116.8768,32100,238,472,C0175A,YVR,HKG,ACA007,0,B77W,AC7
1525844812,40.5202,116.716,32100,238,470,C0175A,YVR,HKG,ACA007,0,B77W,AC7
1525844878,40.4459,116.5577,32100,238,470,C0175A,YVR,HKG,ACA007,0,B77W,AC7
1525844938,40.3793,116.4165,32100,238,471,C0175A,YVR,HKG,ACA007,0,B77W,AC7
1525844998,40.3014,116.2692,32100,231,472,C0175A,YVR,HKG,ACA007,0,B77W,AC7
1525845052,40.2279,116.1501,32100,231,472,C0175A,YVR,HKG,ACA007,0,B77W,AC7
1525845121,40.1333,115.9976,32100,231,473,C0175A,YVR,HKG,ACA007,0,B77W,AC7
1525845182,40.0502,115.8641,32100,230,472,C0175A,YVR,HKG,ACA007,0,B77W,AC7
1525845238,39.9686,115.7426,32100,226,473,C0175A,YVR,HKG,ACA007,0,B77W,AC7
1525845302,39.8741,115.6115,32100,226,474,C0175A,YVR,HKG,ACA007,0,B77W,AC7
1525845364,39.7793,115.4803,32100,226,474,C0175A,YVR,HKG,ACA007,0,B77W,AC7
1525845423,39.6885,115.3845,32100,207,472,C0175A,YVR,HKG,ACA007,0,B77W,AC7
1525845487,39.6002,115.2294,33600,227,471,C0175A,YVR,HKG,ACA007,1664,B77W,AC7
1525845552,39.5027,115.094,35600,227,460,C0175A,YVR,HKG,ACA007,1920,B77W,AC7
1525845609,39.4212,114.981,36100,227,456,C0175A,YVR,HKG,ACA007,0,B77W,AC7
1525845669,39.3342,114.8607,36100,227,452,C0175A,YVR,HKG,ACA007,0,B77W,AC7
1525845738,39.2118,114.7607,36100,192,476,C0175A,YVR,HKG,ACA007,0,B77W,AC7
1525845799,39.0797,114.7435,36100,184,482,C0175A,YVR,HKG,ACA007,0,B77W,AC7
1525845858,38.9475,114.7288,36100,185,480,C0175A,YVR,HKG,ACA007,0,B77W,AC7
1525845919,38.8129,114.7129,36100,185,478,C0175A,YVR,HKG,ACA007,0,B77W,AC7
1525845977,38.6831,114.6971,36100,185,478,C0175A,YVR,HKG,ACA007,0,B77W,AC7
1525846043,38.5555,114.687,36100,183,478,C0175A,YVR,HKG,ACA007,0,B77W,AC7
1525846108,38.3958,114.6858,36100,175,484,C0175A,YVR,HKG,ACA007,64,B77W,AC7
1525846165,38.2676,114.6998,36100,175,486,C0175A,YVR,HKG,ACA007,0,B77W,AC7
1525846225,38.1304,114.7161,36100,174,483,C0175A,YVR,HKG,ACA007,64,B77W,AC7
1525846285,37.9984,114.7317,36100,174,482,C0175A,YVR,HKG,ACA007,0,B77W,AC7
1525846345,37.8625,114.7475,36100,174,485,C0175A,YVR,HKG,ACA007,0,B77W,AC7
1525846411,37.7206,114.7641,36100,174,487,C0175A,YVR,HKG,ACA007,0,B77W,AC7
1525846468,37.586,114.7798,36100,174,487,C0175A,YVR,HKG,ACA007,64,B77W,AC7
1525846521,37.4713,114.7931,36100,174,485,C0175A,YVR,HKG,ACA007,0,B77W,AC7
1525846599,37.2972,114.8127,36100,174,485,C0175A,YVR,HKG,ACA007,0,B77W,AC7
1525846653,37.1744,114.8264,36100,174,486,C0175A,YVR,HKG,ACA007,64,B77W,AC7
1525846712,37.0395,114.8417,36100,174,489,C0175A,YVR,HKG,ACA007,0,B77W,AC7
1525846771,36.9112,114.856,36100,174,487,C0175A,YVR,HKG,ACA007,0,B77W,AC7
1525846839,36.7553,114.8733,36100,174,487,C0175A,YVR,HKG,ACA007,64,B77W,AC7
1525846902,36.6128,114.8892,36100,174,488,C0175A,YVR,HKG,ACA007,0,B77W,AC7
1525846964,36.4767,114.9042,36100,174,488,C0175A,YVR,HKG,ACA007,0,B77W,AC7
1525847021,36.352,114.8754,36100,197,478,C0175A,YVR,HKG,ACA007,-64,B77W,AC7
1525847081,36.2218,114.8428,36100,186,482,C0175A,YVR,HKG,ACA007,0,B77W,AC7
1525847145,36.0778,114.8266,36100,184,482,C0175A,YVR,HKG,ACA007,0,B77W,AC7
1525847207,35.94,114.8129,36100,184,485,C0175A,YVR,HKG,ACA007,0,B77W,AC7
1525847266,35.8048,114.7997,36100,184,484,C0175A,YVR,HKG,ACA007,64,B77W,AC7
1525847331,35.6713,114.7873,36100,184,484,C0175A,YVR,HKG,ACA007,0,B77W,AC7
1525847384,35.5434,114.7742,36100,184,486,C0175A,YVR,HKG,ACA007,0,B77W,AC7
1525847451,35.3925,114.7596,36100,184,486,C0175A,YVR,HKG,ACA007,0,B77W,AC7
1525847512,35.2568,114.7467,36100,184,487,C0175A,YVR,HKG,ACA007,0,B77W,AC7
1525847571,35.1282,114.7342,36100,184,487,C0175A,YVR,HKG,ACA007,64,B77W,AC7
1525847638,34.9714,114.7191,36100,184,488,C0175A,YVR,HKG,ACA007,0,B77W,AC7
1525847703,34.8293,114.7056,36100,184,489,C0175A,YVR,HKG,ACA007,64,B77W,AC7
1525847752,34.7187,114.6951,36100,184,488,C0175A,YVR,HKG,ACA007,0,B77W,AC7
1525847818,34.564,114.68,36100,184,489,C0175A,YVR,HKG,ACA007,0,B77W,AC7
1525847879,34.4283,114.6667,36100,184,491,C0175A,YVR,HKG,ACA007,0,B77W,AC7
1525847946,34.2771,114.6521,36100,184,494,C0175A,YVR,HKG,ACA007,64,B77W,AC7
1525848005,34.1386,114.6391,36100,184,498,C0175A,YVR,HKG,ACA007,0,B77W,AC7
1525848066,34.0087,114.5962,36100,214,475,C0175A,YVR,HKG,ACA007,0,B77W,AC7
1525848128,33.9047,114.4982,36100,203,484,C0175A,YVR,HKG,ACA007,0,B77W,AC7
1525848189,33.7709,114.4658,36100,185,499,C0175A,YVR,HKG,ACA007,0,B77W,AC7
1525848251,33.6243,114.4512,36100,184,502,C0175A,YVR,HKG,ACA007,0,B77W,AC7
1525848309,33.4843,114.4373,36100,184,501,C0175A,YVR,HKG,ACA007,0,B77W,AC7
1525848369,33.3485,114.4242,36100,184,499,C0175A,YVR,HKG,ACA007,0,B77W,AC7
1525848435,33.2107,114.4134,36100,183,498,C0175A,YVR,HKG,ACA007,0,B77W,AC7
1525848498,33.0512,114.3958,36100,184,498,C0175A,YVR,HKG,ACA007,0,B77W,AC7
1525848552,32.9296,114.3843,36100,184,495,C0175A,YVR,HKG,ACA007,64,B77W,AC7
1525848615,32.7983,114.3742,36100,183,494,C0175A,YVR,HKG,ACA007,0,B77W,AC7
1525848680,32.6358,114.3564,36100,184,492,C0175A,YVR,HKG,ACA007,0,B77W,AC7
1525848742,32.4957,114.3432,36100,184,493,C0175A,YVR,HKG,ACA007,0,B77W,AC7
1525848795,32.3834,114.3342,36100,183,493,C0175A,YVR,HKG,ACA007,0,B77W,AC7
1525848855,32.2673,114.327,36100,183,493,C0175A,YVR,HKG,ACA007,0,B77W,AC7
1525848924,32.0852,114.3053,36100,184,494,C0175A,YVR,HKG,ACA007,64,B77W,AC7
1525848982,31.9522,114.2782,36100,204,483,C0175A,YVR,HKG,ACA007,64,B77W,AC7
1525849046,31.8414,114.1768,36100,210,477,C0175A,YVR,HKG,ACA007,64,B77W,AC7
1525849106,31.7163,114.1212,36100,195,487,C0175A,YVR,HKG,ACA007,64,B77W,AC7
1525849168,31.5828,114.0807,36100,194,483,C0175A,YVR,HKG,ACA007,0,B77W,AC7
1525849228,31.4522,114.042,36100,194,480,C0175A,YVR,HKG,ACA007,0,B77W,AC7
1525849291,31.3333,114.0395,36100,181,480,C0175A,YVR,HKG,ACA007,0,B77W,AC7
1525849354,31.1828,113.9624,36100,194,477,C0175A,YVR,HKG,ACA007,64,B77W,AC7
1525849413,31.0567,113.9255,36100,194,473,C0175A,YVR,HKG,ACA007,0,B77W,AC7
1525849483,30.9094,113.8824,36100,194,469,C0175A,YVR,HKG,ACA007,0,B77W,AC7
1525849543,30.7841,113.8459,36100,194,467,C0175A,YVR,HKG,ACA007,64,B77W,AC7
1525849601,30.6586,113.8094,36100,194,465,C0175A,YVR,HKG,ACA007,0,B77W,AC7
1525849667,30.5275,113.7873,36100,179,463,C0175A,YVR,HKG,ACA007,0,B77W,AC7
1525849723,30.41,113.7525,36100,178,466,C0175A,YVR,HKG,ACA007,0,B77W,AC7
1525849785,30.2751,113.6986,36100,193,461,C0175A,YVR,HKG,ACA007,64,B77W,AC7
1525849845,30.1517,113.663,36100,194,461,C0175A,YVR,HKG,ACA007,64,B77W,AC7
1525849910,30.0161,113.6242,36100,194,463,C0175A,YVR,HKG,ACA007,0,B77W,AC7
1525849967,29.8974,113.5956,36100,186,470,C0175A,YVR,HKG,ACA007,0,B77W,AC7
1525850025,29.7684,113.5846,36100,183,470,C0175A,YVR,HKG,ACA007,0,B77W,AC7
1525850098,29.6071,113.572,36100,183,466,C0175A,YVR,HKG,ACA007,0,B77W,AC7
1525850149,29.5043,113.5638,36100,183,465,C0175A,YVR,HKG,ACA007,0,B77W,AC7
1525850211,29.3685,113.553,36100,183,464,C0175A,YVR,HKG,ACA007,0,B77W,AC7
1525850268,29.2446,113.5434,36100,183,463,C0175A,YVR,HKG,ACA007,64,B77W,AC7
1525850341,29.0878,113.531,36100,183,461,C0175A,YVR,HKG,ACA007,64,B77W,AC7
1525850402,28.9586,113.5209,36100,183,463,C0175A,YVR,HKG,ACA007,0,B77W,AC7
1525850463,28.8376,113.5189,36100,176,464,C0175A,YVR,HKG,ACA007,0,B77W,AC7
1525850523,28.7284,113.5276,36100,176,464,C0175A,YVR,HKG,ACA007,0,B77W,AC7
1525850583,28.6192,113.5363,36100,176,464,C0175A,YVR,HKG,ACA007,0,B77W,AC7
1525850646,28.4341,113.4838,36100,183,467,C0175A,YVR,HKG,ACA007,64,B77W,AC7
1525850704,28.306,113.4755,36100,183,470,C0175A,YVR,HKG,ACA007,0,B77W,AC7
1525850766,28.1698,113.4665,36100,183,475,C0175A,YVR,HKG,ACA007,0,B77W,AC7
1525850830,28.0305,113.456,36100,184,474,C0175A,YVR,HKG,ACA007,0,B77W,AC7
1525850890,27.8979,113.4441,36100,183,478,C0175A,YVR,HKG,ACA007,0,B77W,AC7
1525850951,27.7615,113.461,36100,164,496,C0175A,YVR,HKG,ACA007,0,B77W,AC7
1525850988,27.6802,113.4868,36100,163,498,C0175A,YVR,HKG,ACA007,64,B77W,AC7
1525851075,27.5105,113.5036,36100,175,498,C0175A,YVR,HKG,ACA007,0,B77W,AC7
1525851132,27.3602,113.5884,36100,164,497,C0175A,YVR,HKG,ACA007,0,B77W,AC7
1525851199,27.2119,113.6343,36100,164,498,C0175A,YVR,HKG,ACA007,0,B77W,AC7
1525851257,27.0853,113.6737,36100,164,494,C0175A,YVR,HKG,ACA007,64,B77W,AC7
1525851318,26.9501,113.7156,36100,164,498,C0175A,YVR,HKG,ACA007,0,B77W,AC7
1525851379,26.8244,113.7364,36100,177,498,C0175A,YVR,HKG,ACA007,0,B77W,AC7
1525851439,26.6823,113.7982,36100,164,505,C0175A,YVR,HKG,ACA007,0,B77W,AC7
1525851495,26.5659,113.8074,36100,178,505,C0175A,YVR,HKG,ACA007,0,B77W,AC7
1525851567,26.423,113.813,36100,178,505,C0175A,YVR,HKG,ACA007,0,B77W,AC7
1525851627,26.304,113.8176,36100,178,505,C0175A,YVR,HKG,ACA007,0,B77W,AC7
1525851687,26.1849,113.8223,36100,178,505,C0175A,YVR,HKG,ACA007,0,B77W,AC7
1525851747,26.0616,113.8271,36100,178,505,C0175A,YVR,HKG,ACA007,0,B77W,AC7
1525851807,25.9215,113.8325,36100,178,505,C0175A,YVR,HKG,ACA007,0,B77W,AC7
1525851868,25.7791,113.838,36100,178,505,C0175A,YVR,HKG,ACA007,0,B77W,AC7
1525851928,25.639,113.8435,36100,178,505,C0175A,YVR,HKG,ACA007,0,B77W,AC7
1525851984,25.4386,114.1435,35075,184,487,C0175A,YVR,HKG,ACA007,-960,B77W,AC7
1525852045,25.2991,114.1222,33975,188,481,C0175A,YVR,HKG,ACA007,-1216,B77W,AC7
1525852104,25.1724,114.1026,33000,187,480,C0175A,YVR,HKG,ACA007,-960,B77W,AC7
1525852162,25.0445,114.09,32150,180,482,C0175A,YVR,HKG,ACA007,-960,B77W,AC7
1525852239,24.8677,114.1168,32100,166,498,C0175A,YVR,HKG,ACA007,0,B77W,AC7
1525852302,24.7263,114.1258,32100,186,477,C0175A,YVR,HKG,ACA007,64,B77W,AC7
1525852345,24.6325,114.1056,32100,191,473,C0175A,YVR,HKG,ACA007,0,B77W,AC7
1525852424,24.4645,114.0671,32100,191,478,C0175A,YVR,HKG,ACA007,64,B77W,AC7
1525852487,24.3251,114.0359,32100,191,479,C0175A,YVR,HKG,ACA007,0,B77W,AC7
1525852548,24.1933,114.007,32100,191,481,C0175A,YVR,HKG,ACA007,0,B77W,AC7
1525852605,24.0683,113.9795,32100,191,483,C0175A,YVR,HKG,ACA007,64,B77W,AC7
1525852667,23.9292,113.9489,32100,191,483,C0175A,YVR,HKG,ACA007,0,B77W,AC7
1525852731,23.7891,113.918,32100,191,487,C0175A,YVR,HKG,ACA007,64,B77W,AC7
1525852791,23.6553,113.8887,32100,191,488,C0175A,YVR,HKG,ACA007,0,B77W,AC7
1525852852,23.522,113.859,32100,192,488,C0175A,YVR,HKG,ACA007,0,B77W,AC7
1525852912,23.3899,113.8209,32100,195,485,C0175A,YVR,HKG,ACA007,0,B77W,AC7
1525852964,23.2763,113.7866,32100,195,484,C0175A,YVR,HKG,ACA007,0,B77W,AC7
1525853036,23.1216,113.74,32100,195,486,C0175A,YVR,HKG,ACA007,64,B77W,AC7
1525853088,23.0102,113.7065,32100,195,486,C0175A,YVR,HKG,ACA007,0,B77W,AC7
1525853151,22.8696,113.6645,32100,195,486,C0175A,YVR,HKG,ACA007,0,B77W,AC7
1525853224,22.7259,113.6216,31525,195,479,C0175A,YVR,HKG,ACA007,-1792,B77W,AC7
1525853276,22.6194,113.5877,30075,196,481,C0175A,YVR,HKG,ACA007,0,B77W,AC7
1525853336,22.4813,113.5462,28200,195,457,C0175A,YVR,HKG,ACA007,-2176,B77W,AC7
1525853400,22.3527,113.5067,26125,195,444,C0175A,YVR,HKG,ACA007,-2048,B77W,AC7
1525853461,22.2345,113.4753,24275,183,437,C0175A,YVR,HKG,ACA007,-1920,B77W,AC7
1525853526,22.1069,113.5086,22300,160,432,C0175A,YVR,HKG,ACA007,-1920,B77W,AC7
1525853584,21.9973,113.5427,20975,178,405,C0175A,YVR,HKG,ACA007,-128,B77W,AC7
1525853646,21.894,113.5081,20200,204,359,C0175A,YVR,HKG,ACA007,-448,B77W,AC7
1525853708,21.8126,113.4673,20100,205,353,C0175A,YVR,HKG,ACA007,-768,B77W,AC7
1525853767,21.7277,113.4252,19225,205,298,C0175A,YVR,HKG,ACA007,-320,B77W,AC7
1525853831,21.6431,113.395,18025,188,301,C0175A,YVR,HKG,ACA007,-1664,B77W,AC7
1525853892,21.5617,113.4129,16625,130,317,C0175A,YVR,HKG,ACA007,-1664,B77W,AC7
1525853949,21.5596,113.4985,15475,63,319,C0175A,YVR,HKG,ACA007,-1280,B77W,AC7
1525853999,21.6006,113.5639,14450,55,315,C0175A,YVR,HKG,ACA007,-1472,B77W,AC7
1525854079,21.6664,113.6669,12900,55,310,C0175A,YVR,HKG,ACA007,-1216,B77W,AC7
1525854139,21.7147,113.7433,11925,55,298,C0175A,YVR,HKG,ACA007,-960,B77W,AC7
1525854195,21.7571,113.8087,10675,50,291,C0175A,YVR,HKG,ACA007,-1984,B77W,AC7
1525854256,21.8182,113.8701,9350,38,285,C0175A,YVR,HKG,ACA007,-1152,B77W,AC7
1525854324,21.8921,113.9162,8150,28,268,C0175A,YVR,HKG,ACA007,-576,B77W,AC7
1525854383,21.9564,113.9523,8050,17,257,C0175A,YVR,HKG,ACA007,0,B77W,AC7
1525854443,22.0084,113.9165,7225,301,237,C0175A,YVR,HKG,ACA007,-1088,B77W,AC7
1525854505,22.0482,113.856,5975,311,240,C0175A,YVR,HKG,ACA007,-1408,B77W,AC7
1525854555,22.0839,113.8122,5275,311,225,C0175A,YVR,HKG,ACA007,-896,B77W,AC7
1525854627,22.1308,113.755,4075,315,211,C0175A,YVR,HKG,ACA007,-1280,B77W,AC7
1525854673,22.1734,113.7331,3150,336,211,C0175A,YVR,HKG,ACA007,-1152,B77W,AC7
1525854746,22.2413,113.7275,2025,4,195,C0175A,YVR,HKG,ACA007,-192,B77W,AC7
1525854809,22.2693,113.7692,2025,70,161,C0175A,YVR,HKG,ACA007,0,B77W,AC7
1525854872,22.2838,113.8138,1625,70,147,C0175A,YVR,HKG,ACA007,-768,B77W,AC7
1525854929,22.2959,113.8515,950,70,134,C0175A,YVR,HKG,ACA007,-832,B77W,AC7
1525854988,22.3073,113.8861,575,70,134,C0175A,YVR,HKG,ACA007,-640,B77W,AC7
1525855056,22.3165,113.9168,0,92,18,C0175A,YVR,HKG,ACA007,0,B77W,AC7
1525855112,22.314,113.9191,0,160,15,C0175A,YVR,HKG,ACA007,0,B77W,AC7
1525855156,22.3106,113.9203,0,160,18,C0175A,YVR,HKG,ACA007,0,B77W,AC7
1525855240,22.3061,113.9229,0,70,32,C0175A,YVR,HKG,ACA007,0,B77W,AC7
1525855301,22.3077,113.9278,0,73,17,C0175A,YVR,HKG,ACA007,0,B77W,AC7
1525855347,22.3084,113.93,0,70,10,C0175A,YVR,HKG,ACA007,0,B77W,AC7
1525855392,22.3084,113.93,0,70,2,C0175A,YVR,HKG,ACA007,0,B77W,AC7
1525855486,22.309,113.9317,0,50,29,C0175A,YVR,HKG,ACA007,0,B77W,AC7
1525855527,22.3114,113.931,0,340,29,C0175A,YVR,HKG,ACA007,0,B77W,AC7
1525855574,22.3117,113.929,0,227,28,C0175A,YVR,HKG,ACA007,0,B77W,AC7
1525855626,22.3111,113.9275,0,298,11,C0175A,YVR,HKG,ACA007,0,B77W,AC7
